,address,hot,level,name,num
0,[北京·北京·东城区],1.0,5A景区,故宫,11315
1,[北京·北京·海淀区],0.76,4A景区,圆明园,5509
2,[北京·北京·东城区],1.0,,天安门广场,2216
3,[北京·北京·延庆县],0.82,5A景区,八达岭长城,1482
4,[北京·北京·八达岭长城],,,八达岭长城缆车,2201
5,[北京·北京·海淀区],0.82,5A景区,颐和园,1062
6,[北京·北京·西城区],0.74,5A景区,恭王府,1074
7,[北京·北京·奥林匹克公园],,,水立方,2742
8,[北京·北京·故宫],,,故宫礼物,960
9,[北京·北京·怀柔区],0.7,5A景区,慕田峪长城,1038
10,[北京·北京·西城区],,,恭王府大戏楼,444
11,[北京·北京·前门大街],,,北京杜莎夫人蜡像馆,892
12,[北京·北京·东城区],0.8,5A景区,天坛公园,328
13,[北京·北京·东城区],,,前门老北京影戏馆,532
14,[北京·北京·明十三陵],0.72,,定陵,586
15,[天津·天津·滨海新区],,,塘沽外滩游船,148
16,[天津·天津·滨海新区],,4A景区,天津海昌极地海洋公园,848
17,[天津·天津·和平区],,3A景区,静园-末代皇帝溥仪旧居,94
18,[天津·天津·和平区],0.72,,张学良故居,90
19,[天津·天津·南开区],,,古文化街码头,30
20,[天津·天津·东丽区],,4A景区,天津欢乐谷,434
21,[天津·天津·河北区],,,海河桥,122
22,[天津·天津·滨海新区],0.7,4A景区,天津泰达航母主题公园,82
23,[天津·天津·河北区],,,意式风情街,16
24,[天津·天津·滨海新区],0.74,,大沽口炮台遗址,122
25,[天津·天津·南开区],,,天津元升相声茶馆,36
26,[天津·天津·滨海新区],,,天津方特欢乐世界,386
27,[天津·天津·五大道],,,五大道之马场道,60
28,[天津·天津·河北区],,4A景区,天津之眼摩天轮,8
29,[天津·天津·和平区],0.82,3A景区,瓷房子,24
30,[上海·上海·东方明珠],,,黄浦江游船,1088
31,[上海·上海·浦东新区],0.76,5A景区,东方明珠,1808
32,[上海·上海·黄浦区],0.74,4A景区,上海杜莎夫人蜡像馆,920
33,[上海·上海·浦东新区],,,东方明珠豪华浦江游船东方明珠码头,410
34,[上海·上海·浦东新区],0.74,5A景区,上海科技馆,744
35,[上海·上海·浦东新区],,,上海迪士尼乐园,4669
36,[上海·上海·黄浦区],0.8400000000000001,4A景区,豫园,244
37,[上海·上海·浦东新区],0.72,5A景区,上海野生动物园,2249
38,[上海·上海·黄浦区],0.7,,外滩观光隧道,230
39,[上海·上海·浦东新区],0.76,4A景区,金茂大厦88层观光厅,256
40,[上海·上海·浦东新区],,,上海中心大厦,356
41,[上海·上海·东方明珠],,,东方明珠空中旋转餐厅,208
42,[上海·上海·浦东新区],0.74,4A景区,上海海洋水族馆,1138
43,[上海·上海·黄浦区],1.0,,外滩,104
44,[上海·上海·松江区],0.7,4A景区,上海影视乐园,646
45,[重庆·重庆·武隆县],,5A景区,武隆天坑地缝国家地质公园,2007
46,[重庆·重庆·万盛区],,,梦幻奥陶纪,1776
47,[重庆·重庆·渝中区],,4A景区,重庆长江索道,282
48,[重庆·重庆·武隆天坑地缝国家地质公园],0.72,5A景区,武隆天生三桥风景区,548
49,[重庆·重庆·渝中区],,,重庆两江夜游,258
50,[重庆·重庆·渝中区],0.8400000000000001,4A景区,洪崖洞,114
51,[重庆·重庆·渝中区],,,解放碑步行街,132
52,[重庆·重庆],,,重庆环球金融中心观景台(会仙楼),462
53,[重庆·重庆·渝中区],0.72,4A景区,湖广会馆,104
54,[重庆·重庆·沙坪坝区],0.8,4A景区,磁器口古镇,52
55,[重庆·重庆·渝中区],,,朝天门,340
56,[重庆·重庆·武隆天坑地缝国家地质公园],0.7,3A景区,龙水峡地缝,140
57,[重庆·重庆·重庆两江夜游],,,两江夜游·交运系列游船,62
58,[重庆·重庆·重庆两江夜游],,,两江夜游·交运金碧系列游船,76
59,[重庆·重庆·大足县],0.78,5A景区,大足石刻,122
60,[河北·保定·涞源县],0.74,5A景区,白石山世界地质公园,806
61,[河北·保定·涞水县],1.0,5A景区,野三坡,122
62,[河北·秦皇岛·北戴河区],0.78,4A景区,鸽子窝公园,538
63,[河北·承德·双桥区],1.0,5A景区,避暑山庄,268
64,[河北·秦皇岛·北戴河区],1.0,,北戴河,340
65,[河北·秦皇岛·北戴河区],0.7,4A景区,秦皇岛野生动物园,390
66,[河北·秦皇岛·山海关区],0.74,,天下第一关（山海关）,332
67,[河北·秦皇岛·北戴河区],0.7,4A景区,碧螺塔海上酒吧公园,142
68,[河北·保定·野三坡],0.8800000000000001,5A景区,野三坡百里峡,76
69,[河北·秦皇岛·海港区],0.72,4A景区,求仙入海处,68
70,[河北·秦皇岛·海港区],0.72,4A景区,新澳海底世界,106
71,[河北·秦皇岛·山海关区],0.76,,山海关老龙头景区,136
72,[河北·石家庄·正定县],0.74,4A景区,荣国府,48
73,[河北·秦皇岛·山海关区],0.72,4A景区,山海关角山景区,36
74,[河北·保定·易县],0.8,4A景区,狼牙山,90
75,[山西·晋中·平遥县],1.0,5A景区,平遥古城,3992
76,[山西·晋中·平遥县],,,又见平遥,440
77,[山西·临汾·吉县],0.8800000000000001,4A景区,壶口瀑布（山西）,350
78,[山西·大同·南郊区],1.0,5A景区,云冈石窟,296
79,[山西·晋中·灵石县],0.82,4A景区,山西王家大院,564
80,[山西·忻州·五台县],1.0,5A景区,五台山,152
81,[山西·晋中·介休市],0.76,5A景区,绵山,100
82,[山西·太原·晋源区],0.76,4A景区,山西晋祠博物馆,48
83,[山西·晋中·祁县],0.9400000000000001,5A景区,乔家大院,114
84,[山西·晋城·阳城县],1.0,5A景区,皇城相府,54
85,[山西·长治·壶关县],1.0,4A景区,太行山大峡谷,146
86,[山西·忻州·代县],0.72,5A景区,雁门关,108
87,[山西·忻州·宁武县],0.72,4A景区,芦芽山,16
88,[山西·临汾·洪洞县],1.0,4A景区,洪洞大槐树,136
89,[山西·临汾·尧都区],0.8400000000000001,4A景区,尧庙,14
90,[辽宁·大连·西岗区],0.72,4A景区,大连森林动物园,2481
91,[辽宁·盘锦·大洼县],,,红海滩国家风景廊道,786
92,[辽宁·大连·中山区],0.9,5A景区,老虎滩海洋公园,958
93,[辽宁·本溪·本溪县],0.86,4A景区,关门山国家森林公园,212
94,[辽宁·大连·沙河口区],0.82,4A景区,大连圣亚海洋世界,1314
95,[辽宁·沈阳·东陵区],0.7,5A景区,沈阳世博园,692
96,[辽宁·丹东·凤城市],,,蒲石河森林公园,14
97,[辽宁·丹东·宽甸县],0.74,4A景区,天桥沟国家森林公园,184
98,[辽宁·本溪·本溪县],1.0,5A景区,本溪水洞,318
99,[辽宁·大连·金石滩旅游度假区],,,海昌发现王国,822
100,[辽宁·沈阳·沈阳棋盘山],,4A景区,沈阳森林动物园,256
101,[辽宁·抚顺·新宾县],1.0,4A景区,赫图阿拉城,82
102,[辽宁·沈阳·沈北新区],,,沈阳方特欢乐世界,312
103,[辽宁·大连·金州区],0.9199999999999999,5A景区,金石滩旅游度假区,142
104,[辽宁·丹东·宽甸县],0.7,3A景区,黄椅山火山森林公园,4
105,[吉林·延边·安图县],1.0,5A景区,长白山,190
106,[吉林·吉林市·蛟河市],0.72,4A景区,拉法山,26
107,[吉林·长春·南关区],0.86,5A景区,长影世纪城,218
108,[吉林·长春·朝阳区],,,汤泉时代温泉,16
109,[吉林·长春·宽城区],0.9199999999999999,5A景区,伪满皇宫博物院,180
110,[吉林·延边·敦化市],,5A景区,六鼎山文化旅游区,16
111,[吉林·长春·南关区],1.0,5A景区,净月潭,132
112,[吉林·延边·长白山],0.86,,长白山北景区,260
113,[吉林·延边·珲春市],0.7,4A景区,防川风景区,14
114,[吉林·延边·敦化市],,,延边雁鸣湖神龙温泉度假村,24
115,[吉林·延边·延吉市],0.76,,长白山地下森林,54
116,[吉林·长春·南关区],,,东北虎园,50
117,[吉林·吉林市·丰满区],1.0,4A景区,松花湖风景名胜区,16
118,[吉林·长春·朝阳区],,,长影旧址博物馆,82
119,[吉林·延边·安图县],,,长白山一山一蓝温泉,12
120,[黑龙江·哈尔滨·道里区],,,哈尔滨松花江观光索道,222
121,[黑龙江·哈尔滨·香坊区],,4A景区,伏尔加庄园,238
122,[黑龙江·哈尔滨·松北区],0.9199999999999999,5A景区,太阳岛,98
123,[黑龙江·哈尔滨·阿城区],0.7,3A景区,金龙山（横头山）国家森林公园,894
124,[黑龙江·哈尔滨·松北区],0.7,4A景区,东北虎林园,324
125,[黑龙江·哈尔滨·尚志市],0.7,,帽儿山,794
126,[黑龙江·哈尔滨·松北区],0.8,4A景区,哈尔滨极地馆,242
127,[黑龙江·牡丹江·宁安市],0.9,5A景区,镜泊湖风景区,100
128,[黑龙江·哈尔滨·阿城区],,4A景区,哈尔滨北方森林动物园,44
129,[黑龙江·哈尔滨·南岗区],0.8400000000000001,4A景区,哈尔滨龙塔,64
130,[黑龙江·哈尔滨·阿城区],0.7,,吊水壶风景区,20
131,[黑龙江·哈尔滨·宾县],0.76,,哈尔滨香炉山,746
132,[黑龙江·哈尔滨·呼兰区],,,波塞冬海洋王国,36
133,[黑龙江·伊春·嘉荫县],0.8800000000000001,3A景区,茅兰沟,12
134,[黑龙江·哈尔滨·阿城区],,,平山神鹿风景区,228
135,[江苏·苏州·平江区],1.0,5A景区,拙政园,1952
136,[江苏·常州·新北区],0.74,5A景区,常州中华恐龙园,1066
137,[江苏·南京·玄武区],0.8,4A景区,南京总统府,1424
138,[江苏·无锡·滨湖区],0.9400000000000001,5A景区,鼋头渚,1422
139,[江苏·扬州·邗江区],1.0,5A景区,瘦西湖,940
140,[江苏·南京·钟山风景区],1.0,5A景区,中山陵,230
141,[江苏·苏州·平江区],0.9,4A景区,狮子林,428
142,[江苏·苏州·金阊区],0.8,5A景区,虎丘,546
143,[江苏·苏州·吴江市],0.8,5A景区,同里古镇,522
144,[江苏·苏州·吴中区],,,姑苏水上游,744
145,[江苏·常州·武进区],,4A景区,常州环球动漫嬉戏谷,548
146,[江苏·常州·武进区],,5A景区,常州淹城野生动物园,406
147,[江苏·南京·秦淮区],0.8800000000000001,5A景区,夫子庙,256
148,[江苏·苏州·昆山市],0.9,5A景区,周庄,508
149,[江苏·无锡·滨湖区],0.74,5A景区,无锡三国城,388
150,[浙江·金华·东阳市],1.0,5A景区,横店影视城,1110
151,[浙江·舟山·普陀区],1.0,5A景区,普陀山,1332
152,[浙江·杭州·富阳市],0.7,4A景区,杭州野生动物世界,830
153,[浙江·宁波·鄞州区],,,罗蒙环球乐园,1074
154,[浙江·金华·横店影视城],,4A景区,清明上河图,942
155,[浙江·湖州·南浔区],,5A景区,南浔古镇,620
156,[浙江·杭州·淳安县],0.78,5A景区,千岛湖,592
157,[浙江·嘉兴·嘉善县],0.8400000000000001,5A景区,西塘古镇,378
158,[浙江·杭州·西湖区],,5A景区,西溪国家湿地公园,638
159,[浙江·嘉兴·海宁市],,4A景区,盐官观潮景区,442
160,[浙江·杭州·西湖区],1.0,5A景区,西湖,210
161,[浙江·嘉兴·桐乡市],1.0,5A景区,乌镇,574
162,[浙江·绍兴·绍兴县],0.72,4A景区,大香林,36
163,[浙江·杭州·西湖区],,,宋城千古情,440
164,[浙江·湖州·安吉县],,,杭州Hello Kitty乐园,244
165,[安徽·黄山·黄山区],1.0,5A景区,黄山风景区,2100
166,[安徽·黄山·黟县],0.78,5A景区,宏村,2310
167,[安徽·黄山·黄山风景区],,,太平索道,5548
168,[安徽·芜湖·南陵县],0.76,4A景区,马仁奇峰,2120
169,[安徽·黄山·黄山风景区],,,云谷索道,1858
170,[安徽·黄山·黟县],0.7,5A景区,西递村,1192
171,[安徽·黄山·黄山风景区],,,玉屏索道,752
172,[安徽·池州·青阳县],1.0,5A景区,九华山,312
173,[安徽·芜湖·鸠江区],1.0,5A景区,芜湖方特欢乐世界（一期）,186
174,[安徽·黄山·黄山区],0.72,4A景区,黄山翡翠谷,310
175,[安徽·芜湖·鸠江区],,,芜湖方特东方神画（四期）,352
176,[安徽·安庆·潜山县],0.86,5A景区,天柱山,112
177,[安徽·芜湖·鸠江区],,,芜湖方特梦幻王国（二期）,258
178,[安徽·黄山·徽州区],0.72,5A景区,呈坎,64
179,[安徽·六安·霍山县],,3A景区,大别山地质公园铜锣寨,10
180,[福建·厦门·鼓浪屿],,,鼓浪屿往返轮渡,3012
181,[福建·厦门·思明区],0.9800000000000001,5A景区,鼓浪屿,2279
182,[福建·南平·武夷山市],1.0,5A景区,武夷山,1336
183,[福建·南平·武夷山市],,,武夷山印象大红袍,580
184,[福建·厦门·思明区],0.8400000000000001,4A景区,胡里山炮台,454
185,[福建·厦门·厦门方特旅游区],,4A景区,厦门方特梦幻王国,324
186,[福建·漳州·南靖县],,,南靖土楼群,748
187,[福建·厦门·鼓浪屿],0.72,,厦门海底世界,326
188,[福建·厦门·鼓浪屿],0.86,,日光岩,174
189,[福建·漳州·漳浦县],,4A景区,火山岛自然生态风景区,166
190,[福建·厦门·思明区],,,世茂云上厦门观光厅,284
191,[福建·厦门·思明区],0.76,4A景区,厦门园林植物园,566
192,[福建·厦门·集美区],,,灵玲国际马戏城,306
193,[福建·福州·永泰县],,,中国福州云顶,196
194,[福建·漳州·东山县],0.8400000000000001,,东山岛,70
195,[江西·赣州·瑞金市],0.7,5A景区,瑞金红井,2052
196,[江西·上饶·玉山县],0.86,5A景区,三清山,600
197,[江西·萍乡·芦溪县],1.0,5A景区,武功山,402
198,[江西·九江·庐山区],1.0,5A景区,庐山风景名胜区,418
199,[江西·宜春·袁州区],1.0,5A景区,明月山,292
200,[江西·上饶·婺源县],1.0,5A景区,婺源风景区,142
201,[江西·南昌·东湖区],1.0,4A景区,滕王阁,314
202,[江西·鹰潭],0.7,5A景区,江西龙虎山,164
203,[江西·景德镇],,5A景区,景德镇古窑民俗博览区,226
204,[江西·上饶·婺源县],,4A景区,婺源篁岭,240
205,[江西·南昌·红谷滩新区],,,南昌万达主题乐园,4645
206,[江西·上饶·婺源风景区],,,婺源江岭景区,536
207,[江西·九江],0.72,4A景区,庐山西海（柘林湖）,54
208,[江西·吉安·安福县],,4A景区,安福武功山,104
209,[江西·景德镇·浮梁县],0.9800000000000001,4A景区,瑶里,64
210,[山东·泰安·泰山区],1.0,5A景区,泰山,828
211,[山东·烟台·蓬莱市],1.0,5A景区,蓬莱阁,700
212,[山东·青岛·崂山区],0.76,4A景区,青岛海昌极地海洋世界,1328
213,[山东·青岛·市南区],0.74,4A景区,青岛海底世界,748
214,[山东·威海·威海市],1.0,5A景区,刘公岛,516
215,[山东·枣庄·台儿庄区],,5A景区,台儿庄古城,404
216,[山东·青岛·崂山区],0.82,5A景区,崂山,292
217,[山东·青岛·黄岛区],0.7,4A景区,青岛森林野生动物世界,284
218,[山东·青岛·市北区],0.72,4A景区,青岛啤酒博物馆,448
219,[山东·济南·天下第一泉风景区],0.9400000000000001,5A景区,趵突泉公园,324
220,[山东·济南·历城区],0.72,4A景区,红叶谷生态文化旅游区,50
221,[山东·青岛·市南区],0.78,3A景区,海军博物馆,470
222,[山东·潍坊·青州市],,4A景区,黄花溪,86
223,[山东·济南·历下区],,5A景区,天下第一泉风景区,480
224,[山东·东营·东营区],0.7,4A景区,黄河口生态旅游区,56
225,[河南·郑州·金水区],0.78,,郑州动物园,8104
226,[河南·焦作·修武县],1.0,5A景区,云台山,396
227,[河南·洛阳·洛龙区],1.0,5A景区,龙门石窟,332
228,[河南·郑州·嵩山],0.86,5A景区,少林寺,394
229,[河南·郑州·中牟县],,4A景区,郑州方特欢乐世界,362
230,[河南·开封·龙亭区],1.0,5A景区,清明上河园,148
231,[河南·开封·鼓楼区],0.96,4A景区,开封府,310
232,[河南·洛阳·栾川县],0.72,5A景区,老君山,122
233,[河南·许昌·许昌县],0.82,4A景区,鄢陵国家花木博览园,810
234,[河南·郑州·巩义市],,3A景区,竹林长寿山景区,88
235,[河南·郑州·金水区],,3A景区,郑州海洋馆,126
236,[河南·郑州·登封市],0.9800000000000001,5A景区,嵩山,26
237,[河南·洛阳·新安县],0.7,5A景区,龙潭大峡谷,56
238,[河南·安阳·林州市],0.9400000000000001,4A景区,太行大峡谷,64
239,[河南·安阳·安阳县],0.9400000000000001,5A景区,殷墟,72
240,[湖北·武汉·武昌区],1.0,5A景区,黄鹤楼,732
241,[湖北·十堰·丹江口市],1.0,5A景区,武当山,984
242,[湖北·恩施·恩施市],,5A景区,恩施大峡谷,562
243,[湖北·武汉·青山区],,4A景区,武汉欢乐谷,372
244,[湖北·武汉·东西湖区],,,武汉海昌极地海洋世界,602
245,[湖北·武汉·黄陂区],0.7,5A景区,木兰草原,284
246,[湖北·宜昌·夷陵区],0.78,5A景区,三峡人家,272
247,[湖北·武汉·黄陂区],0.72,5A景区,木兰天池,368
248,[湖北·恩施·恩施市],0.8800000000000001,4A景区,恩施土司城,290
249,[湖北·武汉·江岸区],,,武汉两江游览,150
250,[湖北·黄冈·英山县],,,四季花海,20
251,[湖北·宜昌·长阳县],0.72,5A景区,清江画廊,210
252,[湖北·宜昌·夷陵区],0.7,4A景区,三峡大瀑布,370
253,[湖北·神农架],,5A景区,神农架,112
254,[湖北·黄冈·罗田县],0.9,4A景区,天堂寨,118
255,[湖南·张家界·永定区],0.82,5A景区,天门山国家森林公园,2309
256,[湖南·张家界·武陵源区],0.9400000000000001,5A景区,张家界国家森林公园,1494
257,[湖南·张家界],,,张家界,4940
258,[湖南·长沙·长沙县],,4A景区,长沙生态动物园,1136
259,[湖南·长沙·开福区],0.72,4A景区,长沙世界之窗,320
260,[湖南·张家界·慈利县],0.7,4A景区,张家界大峡谷,560
261,[湖南·湘西·凤凰县],1.0,4A景区,凤凰古城,318
262,[湖南·常德·桃源县],,,枫林花海,98
263,[湖南·郴州·资兴市],0.86,5A景区,东江湖,208
264,[湖南·衡阳·南岳区],1.0,5A景区,衡山,316
265,[湖南·张家界·张家界大峡谷],,,张家界大峡谷玻璃桥,592
266,[湖南·长沙·天心区],,,长沙摩天轮,178
267,[湖南·岳阳·岳阳楼区],1.0,5A景区,岳阳楼—君山岛景区,102
268,[湖南·张家界·张家界国家森林公园],0.9800000000000001,,十里画廊,266
269,[湖南·张家界·武陵源区],0.8400000000000001,4A景区,黄龙洞,290
270,[广东·广州·广州长隆旅游度假区],0.74,5A景区,长隆野生动物世界,2670
271,[广东·珠海·珠海长隆国际海洋度假区],,,珠海长隆海洋王国,3137
272,[广东·广州·广州长隆旅游度假区],,5A景区,长隆欢乐世界,1480
273,[广东·深圳·华侨城],,5A景区,世界之窗,998
274,[广东·广州·广州长隆旅游度假区],0.72,5A景区,长隆水上乐园,714
275,[广东·广州·广州长隆旅游度假区],,,长隆国际大马戏剧院,904
276,[广东·广州·天河区],,,珠江夜游,868
277,[广东·广州·海珠区],,4A景区,广州塔,526
278,[广东·广州·番禺],0.7,5A景区,广州长隆旅游度假区,424
279,[广东·韶关·浈江区],1.0,5A景区,韶关丹霞山,220
280,[广东·深圳·南山区],0.8,5A景区,深圳欢乐谷,340
281,[广东·深圳·华侨城],0.74,5A景区,锦绣中华民俗村,624
282,[广东·佛山·顺德区],0.72,5A景区,长鹿休闲度假农庄,454
283,[广东·深圳·盐田区],0.76,4A景区,东部华侨城,196
284,[广东·深圳·东部华侨城],,,东部华侨城大侠谷,680
285,[海南·三亚],0.76,5A景区,南山文化旅游区,3952
286,[海南·三亚·海棠湾],0.86,5A景区,蜈支洲岛,2903
287,[海南·三亚],0.9,4A景区,天涯海角,4218
288,[海南·三亚·亚龙湾],0.8,4A景区,亚龙湾热带天堂森林公园,3309
289,[海南·三亚],,5A景区,呀诺达热带雨林,700
290,[海南·三亚·河东区],,,三亚千古情景区,1148
291,[海南·三亚],,,三亚凤凰岭海誓山盟景区,774
292,[海南·三亚·三亚湾],0.78,4A景区,西岛,420
293,[海南·三亚],0.72,5A景区,槟榔谷黎苗文化区,606
294,[海南·海口·龙华区],,4A景区,海口观澜湖华谊冯小刚电影公社,744
295,[海南·三亚·亚龙湾],0.72,,亚龙湾海底世界,430
296,[海南·陵水],1.0,5A景区,分界洲岛,534
297,[海南·三亚·三亚湾],0.78,5A景区,大小洞天,386
298,[海南·三亚·大东海],0.8,4A景区,鹿回头风景区,608
299,[海南·三亚],,,海棠湾,396
300,[四川·成都·成华区],0.8,4A景区,成都熊猫基地,20966
301,[四川·甘孜州·稻城县],1.0,4A景区,稻城亚丁,2927
302,[四川·乐山·峨眉山市],1.0,5A景区,峨眉山,3522
303,[四川·成都·都江堰市],1.0,5A景区,都江堰,2208
304,[四川·成都·双流县],,4A景区,成都海昌极地海洋公园,1138
305,[四川·成都·都江堰市],0.96,5A景区,青城山,1722
306,[四川·成都·金牛区],0.74,4A景区,成都欢乐谷,982
307,[四川·成都·武侯区],0.9,4A景区,成都武侯祠,798
308,[四川·乐山·市中区],0.82,5A景区,乐山大佛,902
309,[四川·成都·青羊区],,,蜀风雅韵川剧变脸,506
310,[四川·成都·青羊区],0.7,4A景区,金沙遗址,482
311,[四川·成都·成华区],0.7,,成都动物园,1398
312,[四川·成都·青羊区],0.86,4A景区,成都杜甫草堂,408
313,[四川·成都·新津县],,4A景区,花舞人间,298
314,[四川·乐山·峨眉山],,5A景区,金顶,584
315,[贵州·铜仁·铜仁市],1.0,,梵净山,768
316,[贵州·黔东南·凯里市],1.0,4A景区,西江千户苗寨,938
317,[贵州·安顺·镇宁县],,5A景区,黄果树风景名胜区,738
318,[贵州·黔南·平塘县],,,中国天眼景区,602
319,[贵州·安顺·黄果树风景名胜区],1.0,5A景区,黄果树瀑布,418
320,[贵州·黔南·荔波樟江],0.7,,大小七孔景区,460
321,[贵州·贵阳·花溪区],0.82,5A景区,青岩古镇,226
322,[贵州·安顺·镇宁县],0.72,5A景区,龙宫风景区,108
323,[贵州·贵阳·修文县],0.7,4A景区,贵阳森林野生动物园,38
324,[贵州·黔南·荔波县],1.0,4A景区,荔波樟江,48
325,[贵州·黔西南·兴义市],0.7,4A景区,万峰林,60
326,[贵州·贵阳·花溪区],0.82,4A景区,天河潭,298
327,[贵州·遵义·赤水游客中心],0.74,4A景区,赤水丹霞旅游区·大瀑布,82
328,[贵州·铜仁·石阡县],0.7,4A景区,石阡温泉群,8
329,[贵州·毕节·织金县],1.0,4A景区,织金洞,152
330,[云南·丽江·古城区],1.0,5A景区,丽江古城,1714
331,[云南·大理·大理市],0.8800000000000001,4A景区,苍山国家地质公园,1590
332,[云南·丽江·宁蒗县],0.9199999999999999,4A景区,泸沽湖,846
333,[云南·丽江·玉龙县],0.96,5A景区,玉龙雪山,1042
334,[云南·西双版纳·勐腊县],0.82,4A景区,望天树景区,110
335,[云南·昆明·石林彝族自治县],0.78,5A景区,石林,738
336,[云南·迪庆·香格里拉县],0.8800000000000001,5A景区,普达措国家公园,464
337,[云南·昆明·西山区],0.78,4A景区,云南民族村,574
338,[云南·西双版纳·勐腊县],0.8400000000000001,5A景区,中科院西双版纳热带植物园,252
339,[云南·大理·大理市],0.86,5A景区,崇圣寺三塔,296
340,[云南·西双版纳·景洪市],0.86,4A景区,景洪曼听公园,396
341,[云南·大理·大理市],1.0,4A景区,洱海,56
342,[云南·西双版纳·景洪市],1.0,4A景区,野象谷,406
343,[云南·大理·大理市],0.76,3A景区,天龙八部影视城,454
344,[云南·昆明·盘龙区],,,花之城,258
345,[陕西·西安·临潼区],0.8800000000000001,5A景区,秦始皇陵博物院（兵马俑）,7608
346,[陕西·西安·雁塔区],0.9199999999999999,4A景区,陕西历史博物馆,2189
347,[陕西·西安·华清宫],,,长恨歌,3766
348,[陕西·渭南·华阴市],1.0,5A景区,华山,1784
349,[陕西·西安·临潼区],0.9,5A景区,华清宫,1454
350,[陕西·西安·曲江旅游度假区],0.86,5A景区,大唐芙蓉园,1048
351,[陕西·西安·曲江旅游度假区],0.72,5A景区,大慈恩寺（大雁塔）,844
352,[陕西·西安·新城区],0.72,4A景区,大明宫国家遗址公园,1010
353,[陕西·延安·宜川县],1.0,4A景区,壶口瀑布（陕西）,666
354,[陕西·安康·汉滨区],0.82,4A景区,瀛湖,26
355,[陕西·宝鸡·扶风县],1.0,5A景区,法门寺,310
356,[陕西·西安·长安区],0.7,4A景区,秦岭野生动物园,522
357,[陕西·西安·曲江旅游度假区],0.7,4A景区,曲江海洋极地公园,358
358,[陕西·西安·长安区],,4A景区,沣东农博园,108
359,[陕西·西安·碑林区],0.82,4A景区,西安城墙,88
360,[甘肃·张掖·临泽县],,4A景区,张掖七彩丹霞旅游景区,1874
361,[甘肃·酒泉·敦煌市],0.86,5A景区,鸣沙山月牙泉,920
362,[甘肃·嘉峪关·嘉峪关市],0.8400000000000001,5A景区,嘉峪关,546
363,[甘肃·张掖·肃南县],,4A景区,张掖冰沟丹霞旅游景区,622
364,[甘肃·酒泉·敦煌市],0.9,,敦煌莫高窟,590
365,[甘肃·嘉峪关·嘉峪关市],,,嘉峪关方特欢乐世界,258
366,[甘肃·平凉·崆峒区],1.0,5A景区,崆峒山,56
367,[甘肃·酒泉·敦煌市],0.78,4A景区,雅丹地质公园,186
368,[甘肃·张掖·肃南县],0.76,4A景区,马蹄寺,142
369,[甘肃·酒泉·敦煌市],0.74,4A景区,敦煌阳关景区,250
370,[甘肃·天水·秦州区],0.9,4A景区,伏羲庙,38
371,[甘肃·酒泉·敦煌市],,,敦煌盛典,388
372,[甘肃·酒泉·敦煌市],0.72,4A景区,敦煌影视古城,150
373,[甘肃·张掖·甘州区],,,平山湖大峡谷,102
374,[甘肃·张掖·甘州区],1.0,4A景区,张掖大佛寺,30
375,[青海·西宁·城西区],,4A景区,青藏高原野生动物园,3039
376,[青海·海西蒙古族藏族自治州·乌兰县],0.8400000000000001,4A景区,茶卡盐湖,1000
377,[青海·海南藏族自治州·共和县],,5A景区,青海湖,436
378,[青海·西宁·湟中县],1.0,5A景区,塔尔寺,572
379,[青海·海南藏族自治州·青海湖],1.0,5A景区,青海湖二郎剑,154
380,[青海·西宁·西宁市区],,4A景区,藏医药文化博物馆,18
381,[青海·西宁·城西区],0.7,3A景区,西宁浦宁之珠,32
382,[青海·西宁·湟源县],0.9199999999999999,3A景区,日月山,50
383,[青海·西宁·城北区],,,青藏高原自然博物馆,34
384,[青海·海南藏族自治州·共和县],,,金沙湾景区,52
385,[青海·海南藏族自治州·龙羊峡生态旅游度假景区],,,龙羊峡土林地质公园,4
386,[青海·海东地区·互助县],0.7,,互助北山国家森林公园,40
387,[青海·西宁·湟源县],0.7,4A景区,丹噶尔古城,8
388,[青海·黄南藏族自治州·尖扎县],1.0,,坎布拉,60
389,[青海·海西蒙古族藏族自治州·德令哈市],0.72,3A景区,可鲁克湖,59
390,[台湾·台北],1.0,,台北故宫博物院,80
391,[台湾·台北],1.0,,101大楼,32
392,[台湾·台北],,,台湾高速铁路,42
393,[台湾·南投·日月潭],,,日月潭水社码头,4
394,[台湾·新北],,,瑞芳黄金瀑布,10
395,[台湾·屏东],,,恒春古城,82
396,[台湾·新北],0.9,,野柳地质公园,4
397,[台湾·花莲],,,花莲赏鲸,65
398,[台湾·屏东],,,台湾海洋生物博物馆,90
399,[台湾·新北],,,猴硐猫村,77
400,[台湾·台北],1.0,,袖珍博物馆,80
401,[台湾·屏东·垦丁],,,垦丁快线巴士,75
402,[台湾·花莲],,,花莲太鲁阁峡谷观光,97
403,[台湾·南投],1.0,,日月潭,32
404,[台湾·新竹],,,六福村主题乐园,65
405,[内蒙古·阿拉善盟·额济纳旗],,,额济纳胡杨林,186
406,[内蒙古·阿拉善盟·额济纳旗],,,居延海,38
407,[内蒙古·兴安盟·阿尔山市],1.0,5A景区,阿尔山国家森林公园,660
408,[内蒙古·鄂尔多斯·达拉特旗],0.8400000000000001,5A景区,响沙湾,156
409,[内蒙古·鄂尔多斯·杭锦旗],0.7,4A景区,七星湖沙漠风景区,12
410,[内蒙古·呼伦贝尔·中俄边境旅游区],0.74,5A景区,满洲里国门景区,166
411,[内蒙古·包头·石拐区],0.78,4A景区,五当召,36
412,[内蒙古·乌兰察布·兴和县],0.7,,苏木山,4
413,[内蒙古·赤峰·克什克腾旗],0.9,4A景区,克什克腾石阵景区,6
414,[内蒙古·阿拉善盟·阿拉善左旗],,4A景区,贺兰山福因寺（北寺旅游景区）,6
415,[内蒙古·呼和浩特·玉泉区],0.9,3A景区,大召寺,84
416,[内蒙古·呼伦贝尔·中俄边境旅游区],0.7,5A景区,满洲里套娃景区,30
417,[内蒙古·鄂尔多斯·伊金霍洛旗],,4A景区,苏泊罕大草原,68
418,[内蒙古·鄂尔多斯·东胜区],,4A景区,鄂尔多斯野生动物园（海洋馆）,144
419,[内蒙古·呼和浩特·玉泉区],0.9199999999999999,3A景区,席力图召,8
420,[广西·桂林·龙胜县],0.78,4A景区,龙脊梯田,1504
421,[广西·北海·海城区],0.9199999999999999,4A景区,涠洲岛,1438
422,[广西·南宁·青秀区],0.82,5A景区,青秀山旅游区,1250
423,[广西·崇左·大新县],1.0,4A景区,德天跨国瀑布,208
424,[广西·北海·涠洲岛],,,涠洲岛船票,1354
425,[广西·桂林·灵川县],1.0,5A景区,漓江,460
426,[广西·南宁·兴宁区],,4A景区,南宁海底世界,2265
427,[广西·桂林·秀峰区],0.7,5A景区,桂林两江四湖景区,408
428,[广西·桂林·荔浦县],0.78,4A景区,银子岩,648
429,[广西·桂林·阳朔县],0.82,,印象刘三姐,698
430,[广西·桂林·象山区],0.7,5A景区,象鼻山,292
431,[广西·桂林·阳朔县],,,阳朔十里画廊,552
432,[广西·贺州·昭平县],1.0,4A景区,黄姚古镇,312
433,[广西·桂林·阳朔县],0.7,4A景区,阳朔世外桃源景区,222
434,[广西·桂林·秀峰区],0.76,4A景区,芦笛岩,402
435,[西藏·拉萨·城关区],1.0,5A景区,布达拉宫,1780
436,[西藏·拉萨·城关区],0.9199999999999999,5A景区,大昭寺,240
437,[西藏·拉萨·城关区],,,《文成公主》,276
438,[西藏·那曲·那曲县],1.0,,纳木错,258
439,[西藏·拉萨·城关区],0.76,4A景区,罗布林卡,28
440,[西藏·山南·浪卡子县],,3A景区,羊卓雍措,156
441,[西藏·拉萨·城关区],,,拉萨河,24
442,[西藏·拉萨·当雄县],,,扎西半岛,110
443,[西藏·山南·浪卡子县],,,岗巴拉山顶,48
444,[西藏·拉萨·布达拉宫],,,布达拉宫珍宝馆,28
445,[西藏·山南·加查县],,,达布夏珠林寺,20
446,[西藏·林芝·卡定沟],,,卡定沟天佛瀑布,20
447,[西藏·林芝·米林县],,,佛掌沙丘,16
448,[西藏·林芝·林芝县],,,鲁朗林海,41
449,[西藏·拉萨·城关区],0.8,,八廓街,87
450,[宁夏·中卫·沙坡头区],1.0,5A景区,沙坡头旅游区,688
451,[宁夏·银川·西夏区],,5A景区,镇北堡西部影城,624
452,[宁夏·石嘴山·平罗县],1.0,5A景区,沙湖旅游区,110
453,[宁夏·银川·灵武市],0.82,5A景区,水洞沟旅游区,204
454,[宁夏·银川·兴庆区],0.72,4A景区,鸣翠湖国家湿地公园,52
455,[宁夏·银川·西夏区],0.9800000000000001,4A景区,西夏陵,88
456,[宁夏·银川·永宁县],,4A景区,永宁文化园,26
457,[宁夏·银川·贺兰县],0.9,4A景区,贺兰山岩画,82
458,[宁夏·中卫·沙坡头区],0.7,,通湖草原,34
459,[宁夏·银川·兴庆区],0.72,4A景区,黄沙古渡原生态旅游区,82
460,[宁夏·银川·西夏区],,,张裕摩塞尔十五世酒庄,28
461,[宁夏·银川·贺兰县],0.74,4A景区,贺兰山国家森林公园,40
462,[宁夏·银川·西夏区],,,西夏风情园,16
463,[宁夏·中卫·沙坡头区],,,沙坡头盛典,12
464,[宁夏·中卫·沙坡头区],,4A景区,腾格里湖湿地金沙岛,50
465,[新疆·昌吉·阜康市],1.0,5A景区,天山天池,554
466,[新疆·喀什·泽普县],,5A景区,金湖杨国家森林公园,32
467,[新疆·阿勒泰·布尔津县],1.0,5A景区,喀纳斯,1020
468,[新疆·克拉玛依·克拉玛依区],1.0,4A景区,乌尔禾魔鬼城,596
469,[新疆·阿勒泰·富蕴县],0.72,5A景区,可可托海,464
470,[新疆·巴音郭楞·库尔勒市],0.72,4A景区,罗布人村寨,40
471,[新疆·乌鲁木齐·乌鲁木齐县],,5A景区,天山大峡谷,116
472,[新疆·吐鲁番·鄯善县],,,库木塔格沙漠景区,424
473,[新疆·乌鲁木齐·天山区],,,国际大巴扎歌舞大剧院,44
474,[新疆·吐鲁番·吐鲁番市],1.0,5A景区,葡萄沟,100
475,[新疆·伊犁·新源县],1.0,5A景区,那拉提旅游风景区,136
476,[新疆·吐鲁番·吐鲁番市],0.8400000000000001,4A景区,火焰山景区,38
477,[新疆·阿克苏地区·阿克苏市],0.78,,库车天山神秘大峡谷,24
478,[新疆·伊犁·特克斯县],,5A景区,喀拉峻,64
479,[新疆·吐鲁番·吐鲁番市],0.72,,交河故城,22
480,[香港·香港·香港岛],0.96,,香港海洋公园,2535
481,[香港·香港·离岛],1.0,,香港迪士尼乐园,2565
482,[香港·香港·香港岛],0.86,,太平山顶,342
483,[香港·香港·太平山顶],,,凌霄阁摩天台428,278
484,[香港·香港·太平山顶],,,太平山顶缆车,276
485,[香港·香港·香港迪士尼乐园],,,迪士尼乐园餐券,210
486,[香港·香港],,,香港八达通,124
487,[香港·香港·油尖旺],0.82,,维多利亚海港,176
488,[香港·香港·香港岛],0.76,,香港杜莎夫人蜡像馆,146
489,[香港·香港·大屿山],,,香港昂坪360缆车,176
490,[香港·香港·香港岛],,,香港中环摩天轮,106
491,[香港·香港·油尖旺],,,香港天际100观景台,68
492,[香港·香港],,,广九直通车,6
493,[香港·香港·离岛],0.74,,大屿山,66
494,[香港·香港],,,香港大巴士观光游,12
495,[澳门·澳门·新濠天地],1.0,,澳门水舞间演出,1754
496,[澳门·澳门·澳门半岛],0.72,,澳门旅游观光塔,244
497,[广东·珠海·金湾区],0.8,,澳门环岛游,272
498,[澳门·澳门·澳门威尼斯人度假村],,,贡多拉号,40
499,[澳门·澳门·新濠影汇],,,新濠影汇摩天轮,70
500,[澳门·澳门·澳门半岛],,,新濠影汇,50
501,[澳门·澳门·凼仔岛],0.9400000000000001,,澳门威尼斯人度假村,48
502,[澳门·澳门·凼仔岛],,,信德喷射飞航,20
503,[澳门·澳门·澳门威尼斯人度假村],,,威丰味餐厅,30
504,[澳门·澳门],,,澳门巴黎铁塔观景,34
505,[澳门·澳门·凼仔岛],,,新濠天地,30
506,[澳门·澳门·新濠影汇],,,新濠影汇蝙蝠侠,28
507,[澳门·澳门·澳门威尼斯人度假村],,,沨竹餐厅,22
508,[澳门·澳门·澳门旅游观光塔],,,澳门塔360旋转餐厅,34
509,[澳门·澳门],,,澳门送关服务,8
